,MESSAGES
0,
1,"Buna, cf  5783"
2,"Buna, cf  5784"
3,"Buna, cf  5785"
4,"Buna, cf  5786"
5,"Buna, cf  5787"
6,"Buna, cf  5788"
7,"Buna, cf  5789"
8,"Buna, cf  5790"
9,"Buna, cf  5791"
10,"Buna, cf  5792"
11,"Buna, cf  5793"
12,"Buna, cf  5794"
13,"Buna, cf  5795"
14,"Buna, cf  5796"
15,"Buna, cf  5797"
16,"Buna, cf  5798"
17,"Buna, cf  5799"
18,"Buna, cf  5800"
19,"Buna, cf  5801"
20,"Buna, cf  5802"
21,"Buna, cf  5803"
22,"Buna, cf  5804"
23,"Buna, cf  5805"
24,"Buna, cf  5806"
25,"Buna, cf  5807"
26,"Buna, cf  5808"
27,"Buna, cf  5809"
28,"Buna, cf  5810"
29,"Buna, cf  5811"
30,"Buna, cf  5812"
31,"Buna, cf  5813"
32,"Buna, cf  5814"
33,"Buna, cf  5815"
34,"Buna, cf  5816"
35,"Buna, cf  5817"
36,"Buna, cf  5818"
37,"Buna, cf  5819"
38,"Buna, cf  5820"
39,"Buna, cf  5821"
40,"Buna, cf  5822"
41,"Buna, cf  5823"
42,"Buna, cf  5824"
43,"Buna, cf  5825"
44,"Buna, cf  5826"
45,"Buna, cf  5827"
46,"Buna, cf  5828"
47,"Buna, cf  5829"
48,"Buna, cf  5830"
49,"Buna, cf  5831"
50,"Buna, cf  5832"
51,"Buna, cf  5833"
52,"Buna, cf  5834"
53,"Buna, cf  5835"
54,"Buna, cf  5836"
55,"Buna, cf  5837"
56,"Buna, cf  5838"
57,"Buna, cf  5839"
58,"Buna, cf  5840"
59,"Buna, cf  5841"
60,"Buna, cf  5842"
61,"Buna, cf  5843"
62,"Buna, cf  5844"
63,"Buna, cf  5845"
64,"Buna, cf  5846"
65,"Buna, cf  5847"
66,"Buna, cf  5848"
67,"Buna, cf  5849"
68,"Buna, cf  5850"
69,"Buna, cf  5851"
70,"Buna, cf  5852"
71,"Buna, cf  5853"
72,"Buna, cf  5854"
73,"Buna, cf  5855"
74,"Buna, cf  5856"
75,"Buna, cf  5857"
76,"Buna, cf  5858"
77,"Buna, cf  5859"
78,"Buna, cf  5860"
79,"Buna, cf  5861"
80,"Buna, cf  5862"
81,"Buna, cf  5863"
82,"Buna, cf  5864"
83,"Buna, cf  5865"
84,"Buna, cf  5866"
85,"Buna, cf  5867"
86,"Buna, cf  5868"
87,"Buna, cf  5869"
88,"Buna, cf  5870"
89,"Buna, cf  5871"
90,"Buna, cf  5872"
91,"Buna, cf  5873"
92,"Buna, cf  5874"
93,"Buna, cf  5875"
94,"Buna, cf  5876"
95,"Buna, cf  5877"
96,"Buna, cf  5878"
97,"Buna, cf  5879"
98,"Buna, cf  5880"
99,"Buna, cf  5881"
100,"Buna, cf  5882"
101,"Buna, cf  5883"
102,"Buna, cf  5884"
103,"Buna, cf  5885"
104,"Buna, cf  5886"
105,"Buna, cf  5887"
106,"Buna, cf  5888"
107,"Buna, cf  5889"
108,"Buna, cf  5890"
109,"Buna, cf  5891"
110,"Buna, cf  5892"
111,"Buna, cf  5893"
112,"Buna, cf  5894"
113,"Buna, cf  5895"
114,"Buna, cf  5896"
115,"Buna, cf  5897"
116,"Buna, cf  5898"
117,"Buna, cf  5899"
118,"Buna, cf  5900"
119,"Buna, cf  5901"
120,"Buna, cf  5902"
121,"Buna, cf  5903"
122,"Buna, cf  5904"
123,"Buna, cf  5905"
124,"Buna, cf  5906"
125,"Buna, cf  5907"
126,"Buna, cf  5908"
127,"Buna, cf  5909"
128,"Buna, cf  5910"
129,"Buna, cf  5911"
130,"Buna, cf  5912"
131,"Buna, cf  5913"
132,"Buna, cf  5914"
133,"Buna, cf  5915"
134,"Buna, cf  5916"
135,"Buna, cf  5917"
136,"Buna, cf  5918"
137,"Buna, cf  5919"
138,"Buna, cf  5920"
139,"Buna, cf  5921"
140,"Buna, cf  5922"
141,"Buna, cf  5923"
142,"Buna, cf  5924"
143,"Buna, cf  5925"
144,"Buna, cf  5926"
145,"Buna, cf  5927"
146,"Buna, cf  5928"
147,"Buna, cf  5929"
148,"Buna, cf  5930"
149,"Buna, cf  5931"
150,"Buna, cf  5932"
151,"Buna, cf  5933"
152,"Buna, cf  5934"
153,"Buna, cf  5935"
154,"Buna, cf  5936"
155,"Buna, cf  5937"
156,"Buna, cf  5938"
157,"Buna, cf  5939"
158,"Buna, cf  5940"
159,"Buna, cf  5941"
160,"Buna, cf  5942"
161,"Buna, cf  5943"
162,"Buna, cf  5944"
163,"Buna, cf  5945"
164,"Buna, cf  5946"
165,"Buna, cf  5947"
166,"Buna, cf  5948"
167,"Buna, cf  5949"
168,"Buna, cf  5950"
169,"Buna, cf  5951"
170,"Buna, cf  5952"
171,"Buna, cf  5953"
172,"Buna, cf  5954"
173,"Buna, cf  5955"
174,"Buna, cf  5956"
175,"Buna, cf  5957"
176,"Buna, cf  5958"
177,"Buna, cf  5959"
178,"Buna, cf  5960"
179,"Buna, cf  5961"
180,"Buna, cf  5962"
181,"Buna, cf  5963"
182,"Buna, cf  5964"
183,"Buna, cf  5965"
184,"Buna, cf  5966"
185,"Buna, cf  5967"
186,"Buna, cf  5968"
187,"Buna, cf  5969"
188,"Buna, cf  5970"
189,"Buna, cf  5971"
190,"Buna, cf  5972"
191,"Buna, cf  5973"
192,"Buna, cf  5974"
193,"Buna, cf  5975"
194,"Buna, cf  5976"
195,"Buna, cf  5977"
196,"Buna, cf  5978"
197,"Buna, cf  5979"
198,"Buna, cf  5980"
199,"Buna, cf  5981"
200,"Buna, cf  5982"
201,"Buna, cf  5983"
202,"Buna, cf  5984"
203,"Buna, cf  5985"
204,"Buna, cf  5986"
205,"Buna, cf  5987"
206,"Buna, cf  5988"
207,"Buna, cf  5989"
208,"Buna, cf  5990"
209,"Buna, cf  5991"
210,"Buna, cf  5992"
211,"Buna, cf  5993"
212,"Buna, cf  5994"
213,"Buna, cf  5995"
214,"Buna, cf  5996"
215,"Buna, cf  5997"
216,"Buna, cf  5998"
217,"Buna, cf  5999"
218,"Buna, cf  6000"
219,"Buna, cf  6001"
220,"Buna, cf  6002"
221,"Buna, cf  6003"
222,"Buna, cf  6004"
223,"Buna, cf  6005"
224,"Buna, cf  6006"
225,"Buna, cf  6007"
226,"Buna, cf  6008"
227,"Buna, cf  6009"
228,"Buna, cf  6010"
229,"Buna, cf  6011"
230,"Buna, cf  6012"
231,"Buna, cf  6013"
232,"Buna, cf  6014"
233,"Buna, cf  6015"
234,"Buna, cf  6016"
235,"Buna, cf  6017"
236,"Buna, cf  6018"
237,"Buna, cf  6019"
238,"Buna, cf  6020"
239,"Buna, cf  6021"
240,"Buna, cf  6022"
241,"Buna, cf  6023"
242,"Buna, cf  6024"
243,"Buna, cf  6025"
244,"Buna, cf  6026"
245,"Buna, cf  6027"
246,"Buna, cf  6028"
247,"Buna, cf  6029"
248,"Buna, cf  6030"
249,"Buna, cf  6031"
250,"Buna, cf  6032"
251,"Buna, cf  6033"
252,"Buna, cf  6034"
253,"Buna, cf  6035"
254,"Buna, cf  6036"
255,"Buna, cf  6037"
256,"Buna, cf  6038"
257,"Buna, cf  6039"
258,"Buna, cf  6040"
259,"Buna, cf  6041"
260,"Buna, cf  6042"
261,"Buna, cf  6043"
262,"Buna, cf  6044"
263,"Buna, cf  6045"
264,"Buna, cf  6046"
265,"Buna, cf  6047"
266,"Buna, cf  6048"
267,"Buna, cf  6049"
268,"Buna, cf  6050"
269,"Buna, cf  6051"
270,"Buna, cf  6052"
271,"Buna, cf  6053"
272,"Buna, cf  6054"
273,"Buna, cf  6055"
274,"Buna, cf  6056"
275,"Buna, cf  6057"
276,"Buna, cf  6058"
277,"Buna, cf  6059"
278,"Buna, cf  6060"
279,"Buna, cf  6061"
280,"Buna, cf  6062"
281,"Buna, cf  6063"
282,"Buna, cf  6064"
283,"Buna, cf  6065"
284,"Buna, cf  6066"
285,"Buna, cf  6067"
286,"Buna, cf  6068"
287,"Buna, cf  6069"
288,"Buna, cf  6070"
289,"Buna, cf  6071"
290,"Buna, cf  6072"
291,"Buna, cf  6073"
292,"Buna, cf  6074"
293,"Buna, cf  6075"
294,"Buna, cf  6076"
295,"Buna, cf  6077"
296,"Buna, cf  6078"
297,"Buna, cf  6079"
298,"Buna, cf  6080"
299,"Buna, cf  6081"
300,"Buna, cf  6082"
301,"Buna, cf  6083"
302,"Buna, cf  6084"
303,"Buna, cf  6085"
304,"Buna, cf  6086"
305,"Buna, cf  6087"
306,"Buna, cf  6088"
307,"Buna, cf  6089"
308,"Buna, cf  6090"
309,"Buna, cf  6091"
310,"Buna, cf  6092"
311,"Buna, cf  6093"
312,"Buna, cf  6094"
313,"Buna, cf  6095"
314,"Buna, cf  6096"
315,"Buna, cf  6097"
316,"Buna, cf  6098"
317,"Buna, cf  6099"
318,"Buna, cf  6100"
319,"Buna, cf  6101"
320,"Buna, cf  6102"
321,"Buna, cf  6103"
322,"Buna, cf  6104"
323,"Buna, cf  6105"
324,"Buna, cf  6106"
325,"Buna, cf  6107"
326,"Buna, cf  6108"
327,"Buna, cf  6109"
328,"Buna, cf  6110"
329,"Buna, cf  6111"
330,"Buna, cf  6112"
331,"Buna, cf  6113"
332,"Buna, cf  6114"
333,"Buna, cf  6115"
334,"Buna, cf  6116"
335,"Buna, cf  6117"
336,"Buna, cf  6118"
337,"Buna, cf  6119"
338,"Buna, cf  6120"
339,"Buna, cf  6121"
340,"Buna, cf  6122"
341,"Buna, cf  6123"
342,"Buna, cf  6124"
343,"Buna, cf  6125"
344,"Buna, cf  6126"
345,"Buna, cf  6127"
346,"Buna, cf  6128"
347,"Buna, cf  6129"
348,"Buna, cf  6130"
349,"Buna, cf  6131"
350,"Buna, cf  6132"
351,"Buna, cf  6133"
352,"Buna, cf  6134"
353,"Buna, cf  6135"
354,"Buna, cf  6136"
355,"Buna, cf  6137"
356,"Buna, cf  6138"
357,"Buna, cf  6139"
358,"Buna, cf  6140"
359,"Buna, cf  6141"
360,"Buna, cf  6142"
361,"Buna, cf  6143"
362,"Buna, cf  6144"
363,"Buna, cf  6145"
364,"Buna, cf  6146"
365,"Buna, cf  6147"
366,"Buna, cf  6148"
367,"Buna, cf  6149"
368,"Buna, cf  6150"
369,"Buna, cf  6151"
370,"Buna, cf  6152"
371,"Buna, cf  6153"
372,"Buna, cf  6154"
373,"Buna, cf  6155"
374,"Buna, cf  6156"
375,"Buna, cf  6157"
376,"Buna, cf  6158"
377,"Buna, cf  6159"
378,"Buna, cf  6160"
379,"Buna, cf  6161"
380,"Buna, cf  6162"
381,"Buna, cf  6163"
382,"Buna, cf  6164"
383,"Buna, cf  6165"
384,"Buna, cf  6166"
385,"Buna, cf  6167"
386,"Buna, cf  6168"
387,"Buna, cf  6169"
388,"Buna, cf  6170"
389,"Buna, cf  6171"
390,"Buna, cf  6172"
391,"Buna, cf  6173"
392,"Buna, cf  6174"
393,"Buna, cf  6175"
394,"Buna, cf  6176"
395,"Buna, cf  6177"
396,"Buna, cf  6178"
397,"Buna, cf  6179"
398,"Buna, cf  6180"
399,"Buna, cf  6181"
400,"Buna, cf  6182"
401,"Buna, cf  6183"
402,"Buna, cf  6184"
403,"Buna, cf  6185"
404,"Buna, cf  6186"
405,"Buna, cf  6187"
406,"Buna, cf  6188"
407,"Buna, cf  6189"
408,"Buna, cf  6190"
409,"Buna, cf  6191"
410,"Buna, cf  6192"
411,"Buna, cf  6193"
412,"Buna, cf  6194"
413,"Buna, cf  6195"
414,"Buna, cf  6196"
415,"Buna, cf  6197"
416,"Buna, cf  6198"
417,"Buna, cf  6199"
418,"Buna, cf  6200"
419,"Buna, cf  6201"
420,"Buna, cf  6202"
421,"Buna, cf  6203"
422,"Buna, cf  6204"
423,"Buna, cf  6205"
424,"Buna, cf  6206"
425,"Buna, cf  6207"
426,"Buna, cf  6208"
427,"Buna, cf  6209"
428,"Buna, cf  6210"
429,"Buna, cf  6211"
430,"Buna, cf  6212"
431,"Buna, cf  6213"
432,"Buna, cf  6214"
433,"Buna, cf  6215"
434,"Buna, cf  6216"
435,"Buna, cf  6217"
436,"Buna, cf  6218"
437,"Buna, cf  6219"
438,"Buna, cf  6220"
439,"Buna, cf  6221"
440,"Buna, cf  6222"
441,"Buna, cf  6223"
442,"Buna, cf  6224"
443,"Buna, cf  6225"
444,"Buna, cf  6226"
445,"Buna, cf  6227"
446,"Buna, cf  6228"
447,"Buna, cf  6229"
448,"Buna, cf  6230"
449,"Buna, cf  6231"
450,"Buna, cf  6232"
451,"Buna, cf  6233"
452,"Buna, cf  6234"
453,"Buna, cf  6235"
454,"Buna, cf  6236"
455,"Buna, cf  6237"
456,"Buna, cf  6238"
457,"Buna, cf  6239"
458,"Buna, cf  6240"
459,"Buna, cf  6241"
460,"Buna, cf  6242"
461,"Buna, cf  6243"
462,"Buna, cf  6244"
463,"Buna, cf  6245"
464,"Buna, cf  6246"
465,"Buna, cf  6247"
466,"Buna, cf  6248"
467,"Buna, cf  6249"
468,"Buna, cf  6250"
469,"Buna, cf  6251"
470,"Buna, cf  6252"
471,"Buna, cf  6253"
472,"Buna, cf  6254"
473,"Buna, cf  6255"
474,"Buna, cf  6256"
475,"Buna, cf  6257"
476,"Buna, cf  6258"
477,"Buna, cf  6259"
478,"Buna, cf  6260"
479,"Buna, cf  6261"
480,"Buna, cf  6262"
481,"Buna, cf  6263"
482,"Buna, cf  6264"
483,"Buna, cf  6265"
484,"Buna, cf  6266"
485,"Buna, cf  6267"
486,"Buna, cf  6268"
487,"Buna, cf  6269"
488,"Buna, cf  6270"
489,"Buna, cf  6271"
490,"Buna, cf  6272"
491,"Buna, cf  6273"
492,"Buna, cf  6274"
493,"Buna, cf  6275"
494,"Buna, cf  6276"
495,"Buna, cf  6277"
496,"Buna, cf  6278"
497,"Buna, cf  6279"
498,"Buna, cf  6280"
499,"Buna, cf  6281"
500,"Buna, cf  6282"
501,"Buna, cf  6283"
502,"Buna, cf  6284"
503,"Buna, cf  6285"
504,"Buna, cf  6286"
505,"Buna, cf  6287"
506,"Buna, cf  6288"
507,"Buna, cf  6289"
508,"Buna, cf  6290"
509,"Buna, cf  6291"
510,"Buna, cf  6292"
511,"Buna, cf  6293"
512,"Buna, cf  6294"
513,"Buna, cf  6295"
514,"Buna, cf  6296"
515,"Buna, cf  6297"
516,"Buna, cf  6298"
517,"Buna, cf  6299"
518,"Buna, cf  6300"
519,"Buna, cf  6301"
520,"Buna, cf  6302"
521,"Buna, cf  6303"
522,"Buna, cf  6304"
523,"Buna, cf  6305"
524,"Buna, cf  6306"
525,"Buna, cf  6307"
526,"Buna, cf  6308"
527,"Buna, cf  6309"
528,"Buna, cf  6310"
529,"Buna, cf  6311"
530,"Buna, cf  6312"
531,"Buna, cf  6313"
532,"Buna, cf  6314"
533,"Buna, cf  6315"
534,"Buna, cf  6316"
535,"Buna, cf  6317"
536,"Buna, cf  6318"
537,"Buna, cf  6319"
538,"Buna, cf  6320"
539,"Buna, cf  6321"
540,"Buna, cf  6322"
541,"Buna, cf  6323"
542,"Buna, cf  6324"
543,"Buna, cf  6325"
544,"Buna, cf  6326"
545,"Buna, cf  6327"
546,"Buna, cf  6328"
547,"Buna, cf  6329"
548,"Buna, cf  6330"
549,"Buna, cf  6331"
550,"Buna, cf  6332"
551,"Buna, cf  6333"
552,"Buna, cf  6334"
553,"Buna, cf  6335"
554,"Buna, cf  6336"
555,"Buna, cf  6337"
556,"Buna, cf  6338"
557,"Buna, cf  6339"
558,"Buna, cf  6340"
559,"Buna, cf  6341"
560,"Buna, cf  6342"
561,"Buna, cf  6343"
562,"Buna, cf  6344"
563,"Buna, cf  6345"
564,"Buna, cf  6346"
565,"Buna, cf  6347"
566,"Buna, cf  6348"
567,"Buna, cf  6349"
568,"Buna, cf  6350"
569,"Buna, cf  6351"
570,"Buna, cf  6352"
571,"Buna, cf  6353"
572,"Buna, cf  6354"
573,"Buna, cf  6355"
574,"Buna, cf  6356"
575,"Buna, cf  6357"
576,"Buna, cf  6358"
577,"Buna, cf  6359"
578,"Buna, cf  6360"
579,"Buna, cf  6361"
580,"Buna, cf  6362"
581,"Buna, cf  6363"
582,"Buna, cf  6364"
583,"Buna, cf  6365"
584,"Buna, cf  6366"
585,"Buna, cf  6367"
586,"Buna, cf  6368"
587,"Buna, cf  6369"
588,"Buna, cf  6370"
589,"Buna, cf  6371"
590,"Buna, cf  6372"
591,"Buna, cf  6373"
592,"Buna, cf  6374"
593,"Buna, cf  6375"
594,"Buna, cf  6376"
595,"Buna, cf  6377"
596,"Buna, cf  6378"
597,"Buna, cf  6379"
598,"Buna, cf  6380"
599,"Buna, cf  6381"
600,"Buna, cf  6382"
601,"Buna, cf  6383"
602,"Buna, cf  6384"
603,"Buna, cf  6385"
604,"Buna, cf  6386"
605,"Buna, cf  6387"
606,"Buna, cf  6388"
607,"Buna, cf  6389"
608,"Buna, cf  6390"
609,"Buna, cf  6391"
610,"Buna, cf  6392"
611,"Buna, cf  6393"
612,"Buna, cf  6394"
613,"Buna, cf  6395"
614,"Buna, cf  6396"
615,"Buna, cf  6397"
616,"Buna, cf  6398"
617,"Buna, cf  6399"
618,"Buna, cf  6400"
619,"Buna, cf  6401"
620,"Buna, cf  6402"
621,"Buna, cf  6403"
622,"Buna, cf  6404"
623,"Buna, cf  6405"
624,"Buna, cf  6406"
625,"Buna, cf  6407"
626,"Buna, cf  6408"
627,"Buna, cf  6409"
628,"Buna, cf  6410"
629,"Buna, cf  6411"
630,"Buna, cf  6412"
631,"Buna, cf  6413"
632,"Buna, cf  6414"
633,"Buna, cf  6415"
634,"Buna, cf  6416"
635,"Buna, cf  6417"
636,"Buna, cf  6418"
637,"Buna, cf  6419"
638,"Buna, cf  6420"
639,"Buna, cf  6421"
640,"Buna, cf  6422"
641,"Buna, cf  6423"
642,"Buna, cf  6424"
643,"Buna, cf  6425"
644,"Buna, cf  6426"
645,"Buna, cf  6427"
646,"Buna, cf  6428"
647,"Buna, cf  6429"
648,"Buna, cf  6430"
649,"Buna, cf  6431"
650,"Buna, cf  6432"
651,"Buna, cf  6433"
652,"Buna, cf  6434"
653,"Buna, cf  6435"
654,"Buna, cf  6436"
655,"Buna, cf  6437"
656,"Buna, cf  6438"
657,"Buna, cf  6439"
658,"Buna, cf  6440"
659,"Buna, cf  6441"
660,"Buna, cf  6442"
661,"Buna, cf  6443"
662,"Buna, cf  6444"
663,"Buna, cf  6445"
664,"Buna, cf  6446"
665,"Buna, cf  6447"
666,"Buna, cf  6448"
667,"Buna, cf  6449"
668,"Buna, cf  6450"
669,"Buna, cf  6451"
670,"Buna, cf  6452"
671,"Buna, cf  6453"
672,"Buna, cf  6454"
673,"Buna, cf  6455"
674,"Buna, cf  6456"
675,"Buna, cf  6457"
676,"Buna, cf  6458"
677,"Buna, cf  6459"
678,"Buna, cf  6460"
679,"Buna, cf  6461"
680,"Buna, cf  6462"
681,"Buna, cf  6463"
682,"Buna, cf  6464"
683,"Buna, cf  6465"
684,"Buna, cf  6466"
685,"Buna, cf  6467"
686,"Buna, cf  6468"
687,"Buna, cf  6469"
688,"Buna, cf  6470"
689,"Buna, cf  6471"
690,"Buna, cf  6472"
691,"Buna, cf  6473"
692,"Buna, cf  6474"
693,"Buna, cf  6475"
694,"Buna, cf  6476"
695,"Buna, cf  6477"
696,"Buna, cf  6478"
697,"Buna, cf  6479"
698,"Buna, cf  6480"
699,"Buna, cf  6481"
700,"Buna, cf  6482"
701,"Buna, cf  6483"
702,"Buna, cf  6484"
703,"Buna, cf  6485"
704,"Buna, cf  6486"
705,"Buna, cf  6487"
706,"Buna, cf  6488"
707,"Buna, cf  6489"
708,"Buna, cf  6490"
709,"Buna, cf  6491"
710,"Buna, cf  6492"
711,"Buna, cf  6493"
712,"Buna, cf  6494"
713,"Buna, cf  6495"
714,"Buna, cf  6496"
715,"Buna, cf  6497"
716,"Buna, cf  6498"
717,"Buna, cf  6499"
718,"Buna, cf  6500"
719,"Buna, cf  6501"
720,"Buna, cf  6502"
721,"Buna, cf  6503"
722,"Buna, cf  6504"
723,"Buna, cf  6505"
724,"Buna, cf  6506"
725,"Buna, cf  6507"
726,"Buna, cf  6508"
727,"Buna, cf  6509"
728,"Buna, cf  6510"
729,"Buna, cf  6511"
730,"Buna, cf  6512"
731,"Buna, cf  6513"
732,"Buna, cf  6514"
733,"Buna, cf  6515"
734,"Buna, cf  6516"
735,"Buna, cf  6517"
736,"Buna, cf  6518"
737,"Buna, cf  6519"
738,"Buna, cf  6520"
739,"Buna, cf  6521"
740,"Buna, cf  6522"
741,"Buna, cf  6523"
742,"Buna, cf  6524"
743,"Buna, cf  6525"
744,"Buna, cf  6526"
745,"Buna, cf  6527"
746,"Buna, cf  6528"
747,"Buna, cf  6529"
748,"Buna, cf  6530"
749,"Buna, cf  6531"
750,"Buna, cf  6532"
751,"Buna, cf  6533"
752,"Buna, cf  6534"
753,"Buna, cf  6535"
754,"Buna, cf  6536"
755,"Buna, cf  6537"
756,"Buna, cf  6538"
757,"Buna, cf  6539"
758,"Buna, cf  6540"
759,"Buna, cf  6541"
760,"Buna, cf  6542"
761,"Buna, cf  6543"
762,"Buna, cf  6544"
763,"Buna, cf  6545"
764,"Buna, cf  6546"
765,"Buna, cf  6547"
766,"Buna, cf  6548"
767,"Buna, cf  6549"
768,"Buna, cf  6550"
769,"Buna, cf  6551"
770,"Buna, cf  6552"
771,"Buna, cf  6553"
772,"Buna, cf  6554"
773,"Buna, cf  6555"
774,"Buna, cf  6556"
775,"Buna, cf  6557"
776,"Buna, cf  6558"
777,"Buna, cf  6559"
778,"Buna, cf  6560"
779,"Buna, cf  6561"
780,"Buna, cf  6562"
781,"Buna, cf  6563"
782,"Buna, cf  6564"
783,"Buna, cf  6565"
784,"Buna, cf  6566"
785,"Buna, cf  6567"
786,"Buna, cf  6568"
787,"Buna, cf  6569"
788,"Buna, cf  6570"
789,"Buna, cf  6571"
790,"Buna, cf  6572"
791,"Buna, cf  6573"
792,"Buna, cf  6574"
793,"Buna, cf  6575"
794,"Buna, cf  6576"
795,"Buna, cf  6577"
796,"Buna, cf  6578"
797,"Buna, cf  6579"
798,"Buna, cf  6580"
799,"Buna, cf  6581"
800,"Buna, cf  6582"
801,"Buna, cf  6583"
802,"Buna, cf  6584"
803,"Buna, cf  6585"
804,"Buna, cf  6586"
805,"Buna, cf  6587"
806,"Buna, cf  6588"
807,"Buna, cf  6589"
808,"Buna, cf  6590"
809,"Buna, cf  6591"
810,"Buna, cf  6592"
811,"Buna, cf  6593"
812,"Buna, cf  6594"
813,"Buna, cf  6595"
814,"Buna, cf  6596"
815,"Buna, cf  6597"
816,"Buna, cf  6598"
817,"Buna, cf  6599"
818,"Buna, cf  6600"
819,"Buna, cf  6601"
820,"Buna, cf  6602"
821,"Buna, cf  6603"
822,"Buna, cf  6604"
823,"Buna, cf  6605"
824,"Buna, cf  6606"
825,"Buna, cf  6607"
826,"Buna, cf  6608"
827,"Buna, cf  6609"
828,"Buna, cf  6610"
829,"Buna, cf  6611"
830,"Buna, cf  6612"
831,"Buna, cf  6613"
832,"Buna, cf  6614"
833,"Buna, cf  6615"
834,"Buna, cf  6616"
835,"Buna, cf  6617"
836,"Buna, cf  6618"
837,"Buna, cf  6619"
838,"Buna, cf  6620"
839,"Buna, cf  6621"
840,"Buna, cf  6622"
841,"Buna, cf  6623"
842,"Buna, cf  6624"
843,"Buna, cf  6625"
844,"Buna, cf  6626"
845,"Buna, cf  6627"
846,"Buna, cf  6628"
847,"Buna, cf  6629"
848,"Buna, cf  6630"
849,"Buna, cf  6631"
850,"Buna, cf  6632"
851,"Buna, cf  6633"
852,"Buna, cf  6634"
853,"Buna, cf  6635"
854,"Buna, cf  6636"
855,"Buna, cf  6637"
856,"Buna, cf  6638"
857,"Buna, cf  6639"
858,"Buna, cf  6640"
859,"Buna, cf  6641"
860,"Buna, cf  6642"
861,"Buna, cf  6643"
862,"Buna, cf  6644"
863,"Buna, cf  6645"
864,"Buna, cf  6646"
865,"Buna, cf  6647"
866,"Buna, cf  6648"
867,"Buna, cf  6649"
